{"cameraMode":{"drawMode":0,"name":"Shaded","section":"Shading Mode"},"sceneLighting":true,"audioPlay":false,"sceneViewState":{"m_AlwaysRefresh":false,"showFog":true,"showSkybox":true,"showFlares":true,"showImageEffects":true,"showParticleSystems":true,"showVisualEffectGraphs":true,"m_FxEnabled":true},"in2DMode":false,"pivot":{"x":938.5501708984375,"y":476.2976379394531,"z":1026.5870361328125},"rotation":{"x":-0.040800608694553378,"y":0.029674265533685685,"z":0.0006496621062979102,"w":0.9986295104026794},"size":908.6271362304688,"orthographic":false}