{"cameraMode":{"drawMode":0,"name":"Shaded","section":"Shading Mode"},"sceneLighting":true,"audioPlay":false,"sceneViewState":{"m_AlwaysRefresh":false,"showFog":true,"showSkybox":true,"showFlares":true,"showImageEffects":true,"showParticleSystems":true,"showVisualEffectGraphs":true,"m_FxEnabled":true},"in2DMode":false,"pivot":{"x":532.9581909179688,"y":326.7527770996094,"z":-543.6729736328125},"rotation":{"x":0.02217986434698105,"y":-0.0018278700299561024,"z":-0.0004409230314195156,"w":0.9996719360351563},"size":5.965394973754883,"orthographic":false}