{"cameraMode":{"drawMode":0,"name":"Shaded","section":"Shading Mode"},"sceneLighting":true,"audioPlay":false,"sceneViewState":{"m_AlwaysRefresh":false,"showFog":true,"showSkybox":true,"showFlares":true,"showImageEffects":true,"showParticleSystems":true,"showVisualEffectGraphs":true,"m_FxEnabled":true},"in2DMode":false,"pivot":{"x":432.9881286621094,"y":184.713134765625,"z":620.0535278320313},"rotation":{"x":0.058144837617874148,"y":-0.015318630263209343,"z":0.00038013685843907297,"w":0.9980910420417786},"size":840.680908203125,"orthographic":false}