{"cameraMode":{"drawMode":0,"name":"Shaded","section":"Shading Mode"},"sceneLighting":true,"audioPlay":false,"sceneViewState":{"m_AlwaysRefresh":false,"showFog":true,"showSkybox":true,"showFlares":true,"showImageEffects":true,"showParticleSystems":true,"showVisualEffectGraphs":true,"m_FxEnabled":true},"in2DMode":false,"pivot":{"x":22.414310455322267,"y":-1.3618640899658204,"z":-2.539428949356079},"rotation":{"x":0.07688445597887039,"y":0.6701173782348633,"z":-0.07074709981679917,"w":0.7347204685211182},"size":11.531912803649903,"orthographic":false}