{"cameraMode":{"drawMode":0,"name":"Shaded","section":"Shading Mode"},"sceneLighting":true,"audioPlay":false,"sceneViewState":{"m_AlwaysRefresh":false,"showFog":true,"showSkybox":true,"showFlares":true,"showImageEffects":true,"showParticleSystems":true,"showVisualEffectGraphs":true,"m_FxEnabled":true},"in2DMode":false,"pivot":{"x":-0.778073251247406,"y":-4.207667350769043,"z":-40.55680847167969},"rotation":{"x":0.0017515583895146847,"y":-0.9951140284538269,"z":0.09700705111026764,"w":0.013369925320148468},"size":22.649824142456056,"orthographic":false}