{"cameraMode":{"drawMode":0,"name":"Shaded","section":"Shading Mode"},"sceneLighting":true,"audioPlay":false,"sceneViewState":{"m_AlwaysRefresh":false,"showFog":true,"showSkybox":true,"showFlares":true,"showImageEffects":true,"showParticleSystems":true,"showVisualEffectGraphs":true,"m_FxEnabled":true},"in2DMode":false,"pivot":{"x":503.59539794921877,"y":373.6517639160156,"z":-652.7598266601563},"rotation":{"x":0.10895764827728272,"y":-0.00484717870131135,"z":-0.000023951339244376868,"w":0.9939444065093994},"size":0.18132707476615907,"orthographic":false}