{"cameraMode":{"drawMode":0,"name":"Shaded","section":"Shading Mode"},"sceneLighting":true,"audioPlay":false,"sceneViewState":{"m_AlwaysRefresh":false,"showFog":true,"showSkybox":true,"showFlares":true,"showImageEffects":true,"showParticleSystems":true,"showVisualEffectGraphs":true,"m_FxEnabled":true},"in2DMode":false,"pivot":{"x":-257.89678955078127,"y":38.903343200683597,"z":847.8027954101563},"rotation":{"x":0.11644887924194336,"y":0.07107717543840409,"z":-0.007945407181978226,"w":0.9905197024345398},"size":183.07444763183595,"orthographic":false}