{"cameraMode":{"drawMode":0,"name":"Shaded","section":"Shading Mode"},"sceneLighting":false,"audioPlay":false,"sceneViewState":{"m_AlwaysRefresh":false,"showFog":true,"showSkybox":false,"showFlares":true,"showImageEffects":true,"showParticleSystems":true,"showVisualEffectGraphs":true,"m_FxEnabled":true},"in2DMode":false,"pivot":{"x":-3.730287790298462,"y":8.598328590393067,"z":-26.5064640045166},"rotation":{"x":-0.047891855239868167,"y":-0.06774340569972992,"z":0.0029127136804163458,"w":-0.9966456890106201},"size":3.7780067920684816,"orthographic":false}